Airline,FlightNumber,Date,Origin,Destination,Delay,ScheduledDeparture,WeatherDelay
American,4531,2023-01-01,DFW,ORD,-11,870,96
Alaska,8147,2023-01-02,ATL,ORD,190,279,40
Southwest,5451,2023-01-03,DFW,LAX,92,916,40
Alaska,4876,2023-01-04,DFW,LAX,203,621,22
Alaska,6959,2023-01-05,DFW,ATL,190,845,70
United,1126,2023-01-06,LAX,DFW,292,673,2
Southwest,4177,2023-01-07,ATL,LAX,-28,1151,57
Southwest,9795,2023-01-08,DFW,JFK,151,313,31
Southwest,7024,2023-01-09,ATL,ORD,175,331,30
Alaska,6109,2023-01-10,ORD,JFK,289,1173,81
American,5146,2023-01-11,ORD,ORD,9,35,42
Southwest,8196,2023-01-12,DFW,ORD,28,1045,6
Alaska,4368,2023-01-13,ATL,LAX,31,205,104
United,4797,2023-01-14,ATL,LAX,101,638,0
American,2792,2023-01-15,ATL,JFK,29,847,60
United,6732,2023-01-16,LAX,ORD,91,1379,13
American,4476,2023-01-17,ORD,JFK,76,439,51
Alaska,4417,2023-01-18,ATL,DFW,65,728,95
Delta,2645,2023-01-19,ATL,JFK,204,1119,5
American,4030,2023-01-20,LAX,ATL,31,940,102
United,3872,2023-01-21,LAX,JFK,225,163,9
Alaska,4072,2023-01-22,ATL,ATL,18,147,70
American,2854,2023-01-23,JFK,ATL,128,293,89
Delta,5021,2023-01-24,ATL,ATL,93,194,97
Delta,5662,2023-01-25,ATL,DFW,286,662,29
Southwest,7514,2023-01-26,LAX,JFK,176,479,99
Southwest,6031,2023-01-27,LAX,JFK,17,122,20
United,3708,2023-01-28,ATL,DFW,105,1423,59
American,8112,2023-01-29,ATL,ORD,170,698,80
American,9393,2023-01-30,ATL,LAX,219,964,96
Southwest,4507,2023-01-31,LAX,JFK,283,660,73
American,7456,2023-02-01,ATL,LAX,287,1127,114
American,5212,2023-02-02,ATL,DFW,264,709,62
Delta,8970,2023-02-03,DFW,ORD,283,395,110
Southwest,9766,2023-02-04,JFK,ORD,178,911,41
Alaska,1536,2023-02-05,ORD,ORD,180,1360,50
Southwest,2625,2023-02-06,JFK,DFW,161,1004,63
Alaska,8973,2023-02-07,DFW,ATL,13,1165,75
Delta,9577,2023-02-08,ORD,ATL,-2,316,55
United,9070,2023-02-09,ATL,LAX,28,1424,79
American,9666,2023-02-10,DFW,ATL,40,680,40
Delta,9609,2023-02-11,ATL,ATL,61,1333,31
American,7490,2023-02-12,LAX,ORD,234,494,14
United,4600,2023-02-13,DFW,ORD,189,555,61
United,7783,2023-02-14,LAX,LAX,184,609,26
Delta,5971,2023-02-15,DFW,JFK,246,108,27
United,2205,2023-02-16,DFW,LAX,33,371,80
Alaska,2990,2023-02-17,LAX,LAX,261,854,63
United,6299,2023-02-18,ORD,DFW,214,615,109
American,4572,2023-02-19,JFK,DFW,31,767,58
American,6975,2023-02-20,ATL,LAX,139,205,113
American,7320,2023-02-21,DFW,LAX,238,846,57
American,5380,2023-02-22,ATL,LAX,236,42,1
Alaska,5757,2023-02-23,LAX,ATL,23,864,35
Southwest,3713,2023-02-24,ATL,DFW,-15,1268,113
Delta,6588,2023-02-25,LAX,LAX,-23,1310,70
American,1966,2023-02-26,ATL,ORD,73,1378,12
United,5944,2023-02-27,JFK,ORD,28,784,14
American,4432,2023-02-28,JFK,ATL,282,475,88
United,1688,2023-03-01,JFK,ATL,9,82,86
United,5243,2023-03-02,JFK,JFK,206,1133,59
American,4701,2023-03-03,JFK,JFK,63,189,21
Alaska,9533,2023-03-04,JFK,JFK,191,799,62
United,6182,2023-03-05,LAX,ATL,173,935,89
United,7704,2023-03-06,DFW,ATL,107,250,96
American,5422,2023-03-07,ATL,ATL,269,290,74
United,2759,2023-03-08,JFK,ORD,176,1224,73
United,3482,2023-03-09,LAX,ATL,50,325,24
American,9058,2023-03-10,LAX,ORD,187,1432,100
American,1951,2023-03-11,LAX,JFK,-29,836,47
Delta,9914,2023-03-12,DFW,JFK,147,507,42
Alaska,3079,2023-03-13,ATL,JFK,248,730,116
Alaska,3717,2023-03-14,DFW,LAX,115,71,37
United,5524,2023-03-15,ORD,LAX,287,1270,40
Alaska,9477,2023-03-16,LAX,DFW,193,640,44
United,8311,2023-03-17,ORD,DFW,31,939,87
Delta,8186,2023-03-18,JFK,DFW,263,607,39
American,3065,2023-03-19,JFK,LAX,208,565,109
American,1768,2023-03-20,DFW,LAX,164,1367,119
American,6490,2023-03-21,ATL,DFW,135,53,96
Alaska,7645,2023-03-22,ORD,DFW,191,527,16
Delta,6083,2023-03-23,ATL,ATL,30,610,87
Alaska,6232,2023-03-24,DFW,DFW,98,192,100
Alaska,6797,2023-03-25,JFK,ATL,142,57,56
Delta,5926,2023-03-26,ATL,ORD,125,1134,1
Delta,7016,2023-03-27,ATL,LAX,79,128,95
Delta,4335,2023-03-28,JFK,DFW,238,705,61
Delta,9038,2023-03-29,ORD,LAX,247,851,87
American,5873,2023-03-30,JFK,LAX,43,1349,8
Southwest,2481,2023-03-31,ATL,LAX,176,7,67
Southwest,7305,2023-04-01,ORD,ORD,248,28,80
Delta,4451,2023-04-02,ORD,JFK,295,1135,16
Southwest,1054,2023-04-03,JFK,DFW,173,946,116
Southwest,8643,2023-04-04,ATL,JFK,130,130,49
Delta,4462,2023-04-05,DFW,JFK,-3,187,111
Southwest,1832,2023-04-06,ATL,JFK,226,708,93
Alaska,6954,2023-04-07,LAX,LAX,134,1387,39
United,9519,2023-04-08,DFW,ATL,32,1227,57
United,8221,2023-04-09,ORD,LAX,-9,211,74
Delta,4310,2023-04-10,DFW,LAX,39,275,84
American,4300,2023-04-11,ORD,JFK,65,1096,20
Delta,7722,2023-04-12,ORD,LAX,132,242,17
American,8218,2023-04-13,DFW,JFK,48,1125,54
United,8776,2023-04-14,ORD,ATL,-26,986,28
Delta,4675,2023-04-15,ORD,DFW,285,684,23
Alaska,4054,2023-04-16,LAX,JFK,89,170,73
Southwest,8970,2023-04-17,ATL,ATL,271,652,108
American,3143,2023-04-18,ATL,DFW,147,187,16
Southwest,6207,2023-04-19,LAX,ORD,145,1109,17
Southwest,3538,2023-04-20,DFW,JFK,186,51,41
Delta,5547,2023-04-21,JFK,JFK,25,110,111
Southwest,6619,2023-04-22,JFK,ORD,156,876,83
Alaska,9356,2023-04-23,JFK,ORD,201,1066,100
Southwest,7612,2023-04-24,LAX,JFK,224,210,44
Delta,6005,2023-04-25,LAX,ORD,73,1223,81
Alaska,1822,2023-04-26,ORD,LAX,46,857,16
United,1943,2023-04-27,JFK,DFW,199,626,72
Southwest,7150,2023-04-28,DFW,DFW,227,1049,13
Delta,5425,2023-04-29,DFW,DFW,233,298,48
United,9966,2023-04-30,JFK,LAX,151,1100,28
United,3198,2023-05-01,JFK,ORD,225,923,94
American,5242,2023-05-02,JFK,ATL,7,136,3
Alaska,4695,2023-05-03,LAX,ORD,145,1043,81
Southwest,4452,2023-05-04,LAX,JFK,-4,439,19
Delta,2308,2023-05-05,LAX,DFW,245,210,119
American,5177,2023-05-06,ATL,ORD,109,751,119
Alaska,9705,2023-05-07,DFW,ATL,268,434,46
American,7852,2023-05-08,DFW,JFK,256,779,106
Alaska,7035,2023-05-09,ORD,LAX,60,1230,107
Alaska,4594,2023-05-10,LAX,LAX,30,438,8
Southwest,5841,2023-05-11,ATL,ATL,132,665,76
Alaska,2409,2023-05-12,ATL,JFK,112,1065,78
American,5566,2023-05-13,DFW,DFW,222,410,26
Alaska,5491,2023-05-14,LAX,ORD,238,805,14
Southwest,2555,2023-05-15,ORD,JFK,260,609,91
Southwest,1804,2023-05-16,LAX,LAX,156,426,100
American,2279,2023-05-17,JFK,ATL,273,1298,118
United,8083,2023-05-18,LAX,ATL,260,901,18
United,6986,2023-05-19,JFK,ORD,55,941,89
Alaska,6619,2023-05-20,JFK,ATL,135,741,51
Delta,2387,2023-05-21,ORD,ATL,83,1392,25
Alaska,3679,2023-05-22,DFW,JFK,152,1243,88
American,3106,2023-05-23,LAX,DFW,176,1255,25
American,9173,2023-05-24,JFK,ORD,225,327,25
American,5223,2023-05-25,LAX,JFK,204,51,45
American,5831,2023-05-26,DFW,DFW,-28,375,91
American,3768,2023-05-27,DFW,JFK,177,262,48
Southwest,4186,2023-05-28,ATL,JFK,166,266,81
United,3573,2023-05-29,DFW,ATL,94,358,95
American,3599,2023-05-30,ORD,DFW,107,1340,52
Delta,5033,2023-05-31,JFK,ORD,-6,1347,2
Delta,9428,2023-06-01,ATL,ORD,37,651,65
Delta,2304,2023-06-02,ORD,DFW,30,45,96
Delta,8368,2023-06-03,LAX,ATL,-2,599,41
Southwest,6877,2023-06-04,JFK,LAX,-12,719,18
Delta,2301,2023-06-05,DFW,JFK,140,1292,16
American,3541,2023-06-06,JFK,ATL,43,600,107
Alaska,3051,2023-06-07,LAX,DFW,30,380,32
Delta,7809,2023-06-08,ATL,JFK,122,117,75
Southwest,9633,2023-06-09,ATL,ORD,245,115,48
Southwest,9996,2023-06-10,ATL,LAX,17,259,55
Delta,1074,2023-06-11,DFW,ORD,180,1098,62
Alaska,7981,2023-06-12,ORD,DFW,108,304,2
Delta,6475,2023-06-13,ORD,JFK,79,6,106
Southwest,9232,2023-06-14,JFK,DFW,152,365,48
United,8184,2023-06-15,DFW,JFK,-3,522,54
American,6796,2023-06-16,ATL,ATL,166,1371,25
Southwest,8141,2023-06-17,ATL,LAX,160,1238,98
Delta,2622,2023-06-18,LAX,ATL,284,428,71
American,9041,2023-06-19,LAX,ATL,20,790,51
Delta,1341,2023-06-20,ATL,DFW,118,746,99
Delta,3074,2023-06-21,ATL,LAX,237,366,116
United,8992,2023-06-22,DFW,JFK,19,312,117
American,1645,2023-06-23,ORD,JFK,215,537,6
American,5263,2023-06-24,LAX,ORD,82,920,45
United,9801,2023-06-25,ORD,JFK,139,1077,45
Southwest,7136,2023-06-26,DFW,DFW,135,864,99
Delta,9646,2023-06-27,ATL,ATL,-17,1187,15
Alaska,3969,2023-06-28,ORD,ATL,172,781,23
Delta,4028,2023-06-29,ATL,ATL,257,333,60
Delta,8643,2023-06-30,ATL,LAX,158,797,53
Southwest,3681,2023-07-01,JFK,JFK,124,347,61
Delta,4629,2023-07-02,ORD,DFW,24,272,0
United,5225,2023-07-03,ORD,LAX,151,962,48
United,4067,2023-07-04,ATL,ORD,179,719,24
American,6941,2023-07-05,DFW,DFW,44,1437,9
Alaska,2386,2023-07-06,JFK,DFW,246,499,117
Delta,3866,2023-07-07,ATL,DFW,102,1116,79
Delta,5788,2023-07-08,LAX,ATL,28,684,15
Southwest,6490,2023-07-09,LAX,DFW,151,78,57
United,5124,2023-07-10,JFK,JFK,290,621,71
Alaska,9340,2023-07-11,DFW,DFW,33,1240,28
American,4850,2023-07-12,ATL,ATL,296,946,102
United,6415,2023-07-13,ORD,DFW,229,357,91
American,8679,2023-07-14,JFK,ORD,162,617,5
Southwest,7819,2023-07-15,DFW,ORD,112,506,15
Southwest,9378,2023-07-16,ORD,ATL,73,1204,19
Delta,2333,2023-07-17,LAX,JFK,183,575,79
Alaska,5150,2023-07-18,LAX,JFK,211,1269,70
American,7766,2023-07-19,ORD,LAX,178,243,104
United,3711,2023-07-20,JFK,ATL,62,505,77
Southwest,5853,2023-07-21,LAX,DFW,111,421,42
Delta,7212,2023-07-22,ATL,ATL,81,1343,25
Delta,8479,2023-07-23,ORD,LAX,28,1110,89
American,6408,2023-07-24,ORD,ATL,12,216,77
Southwest,8715,2023-07-25,LAX,ATL,176,1301,70
Alaska,9942,2023-07-26,JFK,LAX,237,1008,32
Southwest,2762,2023-07-27,ATL,JFK,265,1192,25
American,8101,2023-07-28,JFK,DFW,87,329,44
American,8674,2023-07-29,DFW,LAX,-11,649,83
Southwest,7122,2023-07-30,DFW,ORD,191,390,62
American,1481,2023-07-31,LAX,JFK,135,380,66
Southwest,1153,2023-08-01,LAX,ORD,100,1329,51
United,8617,2023-08-02,LAX,JFK,125,741,67
Southwest,2524,2023-08-03,DFW,DFW,153,819,25
Southwest,3120,2023-08-04,JFK,DFW,59,672,74
American,3343,2023-08-05,JFK,ATL,63,512,1
American,6136,2023-08-06,LAX,ORD,-18,948,13
Delta,6760,2023-08-07,ATL,JFK,291,1211,107
Delta,2240,2023-08-08,JFK,DFW,262,929,29
United,1060,2023-08-09,DFW,LAX,199,912,48
Delta,2639,2023-08-10,ORD,DFW,291,643,11
Southwest,7185,2023-08-11,ORD,LAX,261,426,89
American,8970,2023-08-12,ORD,JFK,-5,501,43
Delta,2252,2023-08-13,ATL,DFW,44,729,32
Delta,5203,2023-08-14,LAX,DFW,268,1283,12
United,9363,2023-08-15,DFW,JFK,119,70,77
United,4549,2023-08-16,ATL,DFW,117,477,87
Southwest,5197,2023-08-17,DFW,LAX,-23,1201,97
American,8009,2023-08-18,DFW,DFW,-2,456,107
United,7667,2023-08-19,LAX,ORD,265,188,25
Delta,3322,2023-08-20,ORD,ATL,178,290,20
American,5090,2023-08-21,LAX,LAX,97,919,27
American,7960,2023-08-22,ATL,ORD,85,291,47
Delta,4004,2023-08-23,ATL,JFK,113,755,99
United,6136,2023-08-24,ATL,LAX,287,1306,39
Delta,1329,2023-08-25,LAX,ATL,204,376,65
American,4640,2023-08-26,DFW,ATL,-24,1179,105
Alaska,8982,2023-08-27,DFW,JFK,14,507,72
Alaska,5107,2023-08-28,JFK,JFK,208,1436,86
Southwest,2341,2023-08-29,ATL,LAX,124,527,78
Delta,9407,2023-08-30,DFW,DFW,150,1378,76
Delta,1338,2023-08-31,JFK,JFK,184,558,22
Southwest,6895,2023-09-01,DFW,DFW,57,1210,80
Southwest,3708,2023-09-02,ATL,ORD,225,1054,47
Southwest,2750,2023-09-03,ORD,ATL,42,259,1
American,6604,2023-09-04,ATL,DFW,148,420,83
Delta,3421,2023-09-05,LAX,ATL,181,303,19
American,8119,2023-09-06,DFW,DFW,262,941,58
Southwest,9901,2023-09-07,DFW,ORD,203,1062,45
Delta,6319,2023-09-08,LAX,JFK,208,541,2
American,7609,2023-09-09,LAX,ORD,192,1301,54
American,6387,2023-09-10,ORD,JFK,88,1226,11
Southwest,4993,2023-09-11,DFW,JFK,282,1089,39
Delta,9680,2023-09-12,DFW,ATL,233,107,65
Southwest,9044,2023-09-13,ORD,ORD,176,267,99
Delta,9238,2023-09-14,JFK,DFW,64,221,77
Alaska,5873,2023-09-15,ORD,ORD,191,1113,15
United,5806,2023-09-16,ATL,ATL,245,692,82
United,9592,2023-09-17,DFW,JFK,200,254,33
United,6913,2023-09-18,LAX,ATL,278,252,43
Southwest,8124,2023-09-19,ATL,LAX,88,256,109
Alaska,4157,2023-09-20,DFW,LAX,237,382,5
Delta,1390,2023-09-21,ORD,DFW,242,441,76
American,5430,2023-09-22,ATL,ATL,33,598,63
Delta,9820,2023-09-23,DFW,DFW,267,1113,99
American,8686,2023-09-24,JFK,DFW,-20,389,21
Delta,5232,2023-09-25,JFK,LAX,67,581,17
Alaska,9007,2023-09-26,LAX,DFW,40,1067,11
American,2521,2023-09-27,DFW,LAX,27,597,51
Southwest,2500,2023-09-28,JFK,JFK,259,18,117
Delta,7737,2023-09-29,ORD,ATL,220,1124,93
Delta,4294,2023-09-30,DFW,DFW,245,606,116
American,6085,2023-10-01,ORD,LAX,19,1380,50
Southwest,3419,2023-10-02,ORD,ORD,185,32,103
Southwest,4042,2023-10-03,JFK,DFW,21,1252,70
Alaska,5497,2023-10-04,DFW,JFK,240,861,95
Southwest,2466,2023-10-05,ATL,JFK,53,154,47
Southwest,4561,2023-10-06,JFK,ORD,262,904,18
Southwest,1614,2023-10-07,JFK,LAX,95,1269,5
United,6392,2023-10-08,DFW,DFW,265,404,83
Alaska,8693,2023-10-09,DFW,LAX,41,843,26
Delta,4223,2023-10-10,ORD,JFK,265,1184,52
American,8138,2023-10-11,DFW,LAX,205,746,106
Delta,3667,2023-10-12,ORD,JFK,25,1140,100
Alaska,8980,2023-10-13,JFK,LAX,79,270,47
American,1130,2023-10-14,LAX,ORD,161,769,6
Alaska,3983,2023-10-15,ATL,ATL,62,171,58
Southwest,5278,2023-10-16,JFK,ORD,25,273,68
American,8126,2023-10-17,DFW,ORD,29,258,10
Southwest,9230,2023-10-18,ATL,ATL,107,1158,14
Delta,8694,2023-10-19,LAX,ATL,8,421,63
Delta,7640,2023-10-20,LAX,DFW,-3,1209,2
American,6468,2023-10-21,ORD,DFW,18,363,68
American,1920,2023-10-22,ATL,ORD,94,377,22
Alaska,8564,2023-10-23,ORD,ORD,-18,579,52
Alaska,9684,2023-10-24,JFK,JFK,5,890,36
Southwest,9502,2023-10-25,ATL,JFK,70,721,8
American,9930,2023-10-26,JFK,DFW,251,1219,14
Delta,4241,2023-10-27,ORD,DFW,55,880,2
Alaska,1545,2023-10-28,ATL,JFK,-27,1121,92
Alaska,5346,2023-10-29,ORD,JFK,192,604,69
Delta,4810,2023-10-30,ATL,LAX,135,21,16
Alaska,8206,2023-10-31,ORD,LAX,247,1195,25
Southwest,3032,2023-11-01,LAX,JFK,99,382,20
American,9436,2023-11-02,ORD,LAX,0,133,71
Delta,1271,2023-11-03,LAX,ATL,-20,1048,20
American,4511,2023-11-04,ORD,DFW,271,502,10
Alaska,2771,2023-11-05,ATL,DFW,65,1208,37
Alaska,5361,2023-11-06,ATL,JFK,159,1108,71
Delta,8069,2023-11-07,ATL,ORD,161,143,105
Southwest,1920,2023-11-08,DFW,JFK,235,1435,87
United,9190,2023-11-09,JFK,LAX,97,223,34
Delta,4430,2023-11-10,ATL,ORD,207,219,118
United,5435,2023-11-11,LAX,LAX,81,178,13
United,4760,2023-11-12,ATL,ATL,285,432,118
Southwest,3050,2023-11-13,DFW,LAX,114,264,13
United,2165,2023-11-14,LAX,ATL,34,953,9
United,9567,2023-11-15,DFW,ATL,216,428,11
Southwest,3033,2023-11-16,LAX,LAX,192,415,37
United,7467,2023-11-17,ORD,LAX,282,726,107
United,1145,2023-11-18,JFK,ATL,75,196,118
United,5388,2023-11-19,JFK,ORD,150,1076,109
Delta,8832,2023-11-20,DFW,ATL,153,479,33
Delta,9623,2023-11-21,JFK,DFW,195,1353,40
Delta,9896,2023-11-22,DFW,ATL,234,1274,9
Southwest,9173,2023-11-23,DFW,ORD,247,889,16
Alaska,3632,2023-11-24,DFW,DFW,58,924,16
United,5494,2023-11-25,JFK,JFK,145,122,66
United,9056,2023-11-26,DFW,JFK,-13,1410,61
Southwest,8511,2023-11-27,JFK,ORD,75,1362,94
United,2828,2023-11-28,DFW,ATL,240,777,114
Delta,5805,2023-11-29,ATL,LAX,288,347,0
Alaska,1806,2023-11-30,DFW,ORD,136,28,11
American,8486,2023-12-01,LAX,DFW,-18,974,102
United,9202,2023-12-02,DFW,DFW,1,34,3
Delta,2868,2023-12-03,ORD,JFK,9,1419,41
American,8878,2023-12-04,DFW,DFW,117,622,12
Alaska,6690,2023-12-05,LAX,ORD,187,1317,97
American,8827,2023-12-06,LAX,DFW,188,588,105
Delta,6429,2023-12-07,JFK,ORD,51,1372,84
American,4564,2023-12-08,ATL,LAX,177,1170,85
Southwest,2389,2023-12-09,DFW,JFK,170,1090,3
American,8274,2023-12-10,JFK,DFW,7,903,81
United,1824,2023-12-11,ATL,ORD,180,519,68
United,3265,2023-12-12,DFW,ATL,296,121,18
Southwest,1936,2023-12-13,ORD,JFK,218,339,1
Delta,7402,2023-12-14,DFW,LAX,196,174,11
United,4845,2023-12-15,LAX,ORD,17,596,80
Alaska,2796,2023-12-16,LAX,LAX,-13,450,73
United,9245,2023-12-17,ORD,LAX,264,556,97
United,8214,2023-12-18,JFK,DFW,165,1159,5
Delta,1726,2023-12-19,ATL,DFW,156,1039,7
American,3736,2023-12-20,DFW,ORD,193,1356,50
United,2913,2023-12-21,LAX,ATL,287,1218,10
Southwest,8657,2023-12-22,JFK,ORD,198,8,62
American,3466,2023-12-23,ORD,ATL,46,333,56
Alaska,8312,2023-12-24,LAX,LAX,157,1356,11
Delta,9194,2023-12-25,ORD,JFK,239,1016,72
Alaska,8906,2023-12-26,DFW,ORD,64,326,1
American,5876,2023-12-27,ATL,ORD,279,14,7
American,8287,2023-12-28,LAX,ATL,101,838,10
American,1892,2023-12-29,LAX,LAX,8,225,52
Alaska,5675,2023-12-30,DFW,LAX,41,1431,99
American,2933,2023-12-31,JFK,ATL,250,112,9
Alaska,2380,2024-01-01,ATL,LAX,129,0,84
American,2290,2024-01-02,LAX,DFW,156,265,83
Southwest,2640,2024-01-03,ATL,JFK,160,1231,111
American,8490,2024-01-04,LAX,ORD,89,951,7
Alaska,2218,2024-01-05,ATL,JFK,189,1392,35
United,6016,2024-01-06,ORD,ORD,22,305,92
American,7881,2024-01-07,LAX,DFW,191,11,105
United,1954,2024-01-08,ATL,LAX,100,1368,75
Southwest,8291,2024-01-09,JFK,ATL,206,1391,13
Delta,1974,2024-01-10,ORD,DFW,215,936,111
Southwest,5133,2024-01-11,ORD,JFK,195,419,53
American,6370,2024-01-12,JFK,ATL,177,888,113
United,4972,2024-01-13,ATL,LAX,65,170,84
United,6295,2024-01-14,DFW,DFW,169,133,85
Alaska,9228,2024-01-15,JFK,ATL,216,964,20
United,4020,2024-01-16,ATL,DFW,41,1048,107
Alaska,9987,2024-01-17,JFK,DFW,287,1213,49
Delta,5036,2024-01-18,JFK,LAX,154,1164,93
American,6068,2024-01-19,LAX,ORD,-25,657,38
Alaska,6233,2024-01-20,ATL,ATL,175,1338,19
Delta,1317,2024-01-21,DFW,LAX,1,1342,87
United,3396,2024-01-22,LAX,DFW,68,1115,86
United,3162,2024-01-23,JFK,LAX,225,178,6
Delta,3745,2024-01-24,JFK,ORD,156,1079,8
United,2591,2024-01-25,JFK,ATL,45,1178,0
Delta,7183,2024-01-26,ATL,ORD,146,110,25
Alaska,4930,2024-01-27,ATL,JFK,284,136,37
Alaska,2312,2024-01-28,LAX,ATL,256,231,37
Delta,5311,2024-01-29,DFW,ORD,224,991,117
Alaska,8314,2024-01-30,LAX,DFW,294,467,60
Alaska,3383,2024-01-31,ORD,ATL,159,731,43
Alaska,4239,2024-02-01,JFK,ATL,277,480,85
Southwest,3139,2024-02-02,JFK,LAX,96,1091,43
American,2704,2024-02-03,JFK,DFW,256,813,73
United,7924,2024-02-04,LAX,JFK,223,1272,118
Southwest,1362,2024-02-05,LAX,ORD,182,993,61
Alaska,3604,2024-02-06,JFK,LAX,219,322,5
Delta,5286,2024-02-07,LAX,ORD,53,921,16
Alaska,4738,2024-02-08,ATL,JFK,-18,903,50
American,3469,2024-02-09,ATL,JFK,14,605,113
Alaska,5795,2024-02-10,LAX,ATL,96,428,37
Delta,7150,2024-02-11,JFK,JFK,83,1292,23
American,1556,2024-02-12,LAX,ORD,245,147,50
Alaska,3808,2024-02-13,LAX,DFW,174,1141,9
American,6150,2024-02-14,LAX,DFW,242,849,119
United,8561,2024-02-15,ORD,ATL,27,366,71
United,3719,2024-02-16,ATL,ORD,297,849,20
Alaska,7506,2024-02-17,DFW,ORD,188,1089,119
American,4741,2024-02-18,DFW,JFK,78,812,69
Delta,4998,2024-02-19,ORD,ORD,248,1393,84
Alaska,3403,2024-02-20,LAX,LAX,143,174,56
United,9780,2024-02-21,ORD,JFK,297,587,38
United,1294,2024-02-22,ORD,LAX,233,494,87
Alaska,6343,2024-02-23,JFK,ATL,284,972,32
American,2136,2024-02-24,ATL,DFW,80,1137,58
United,3064,2024-02-25,DFW,ATL,156,1134,17
American,8009,2024-02-26,LAX,DFW,238,1170,55
United,5543,2024-02-27,DFW,ATL,198,34,91
United,2007,2024-02-28,DFW,ORD,125,998,56
Southwest,6445,2024-02-29,ATL,LAX,158,1332,115
United,6352,2024-03-01,DFW,DFW,241,537,95
Delta,2435,2024-03-02,DFW,JFK,-29,749,75
Alaska,1571,2024-03-03,ORD,LAX,215,1037,47
Alaska,3382,2024-03-04,ATL,JFK,179,373,41
American,6084,2024-03-05,JFK,LAX,255,556,26
United,1277,2024-03-06,LAX,LAX,-18,232,73
Delta,8059,2024-03-07,DFW,ATL,65,704,109
American,2887,2024-03-08,LAX,DFW,190,562,51
Southwest,2265,2024-03-09,JFK,DFW,207,938,41
American,8491,2024-03-10,LAX,LAX,63,886,31
American,2040,2024-03-11,JFK,ORD,238,725,105
United,9073,2024-03-12,ORD,ORD,140,1298,25
Southwest,3752,2024-03-13,DFW,JFK,63,75,24
American,9213,2024-03-14,JFK,JFK,118,438,74
Delta,5569,2024-03-15,LAX,ATL,81,698,22
Delta,7353,2024-03-16,DFW,LAX,24,1312,97
Alaska,3353,2024-03-17,ORD,JFK,85,914,56
Southwest,8437,2024-03-18,DFW,JFK,112,890,51
Southwest,5799,2024-03-19,JFK,LAX,170,691,103
Alaska,1686,2024-03-20,ORD,ATL,149,252,86
American,9476,2024-03-21,LAX,JFK,171,1149,92
Southwest,5811,2024-03-22,ORD,ATL,22,1200,30
Delta,9954,2024-03-23,ORD,DFW,149,1060,63
Delta,6346,2024-03-24,ATL,ATL,282,409,70
United,6043,2024-03-25,ORD,ORD,277,126,103
Southwest,3428,2024-03-26,ORD,ORD,106,1191,32
American,6126,2024-03-27,DFW,ATL,151,591,84
Alaska,9220,2024-03-28,LAX,ORD,-30,293,1
Alaska,8813,2024-03-29,DFW,DFW,13,1366,17
American,4356,2024-03-30,DFW,LAX,196,1019,46
United,9707,2024-03-31,JFK,ORD,67,309,32
Alaska,8266,2024-04-01,DFW,ORD,177,661,100
Southwest,7540,2024-04-02,ATL,ATL,234,527,97
United,1038,2024-04-03,ATL,DFW,257,539,83
Southwest,4342,2024-04-04,JFK,LAX,240,418,34
Delta,3844,2024-04-05,LAX,ATL,109,443,50
United,2098,2024-04-06,LAX,ATL,206,684,113
Alaska,8027,2024-04-07,DFW,DFW,41,839,117
United,2823,2024-04-08,DFW,LAX,124,235,17
United,4155,2024-04-09,DFW,DFW,159,213,109
United,4093,2024-04-10,LAX,LAX,237,84,87
United,6658,2024-04-11,ORD,DFW,290,793,71
Southwest,4778,2024-04-12,ATL,ATL,76,84,29
Delta,3896,2024-04-13,ORD,ATL,201,64,43
American,1988,2024-04-14,ORD,JFK,11,662,52
United,5116,2024-04-15,LAX,ORD,159,626,9
Alaska,7446,2024-04-16,ORD,DFW,108,63,86
United,5179,2024-04-17,JFK,JFK,72,1366,51
Alaska,2682,2024-04-18,DFW,ORD,140,938,48
Southwest,6626,2024-04-19,JFK,DFW,242,918,10
Alaska,8424,2024-04-20,ATL,LAX,190,1375,65
American,1933,2024-04-21,DFW,ORD,182,1181,57
Delta,4598,2024-04-22,ORD,ATL,25,490,89
Alaska,2980,2024-04-23,ATL,JFK,71,1248,35
Alaska,4056,2024-04-24,DFW,ORD,161,312,32
Delta,9984,2024-04-25,ORD,ORD,279,614,46
American,1791,2024-04-26,JFK,ATL,169,918,12
United,6390,2024-04-27,DFW,DFW,202,812,39
Alaska,7635,2024-04-28,ORD,LAX,196,939,88
Delta,3255,2024-04-29,JFK,ATL,108,1111,67
Southwest,4610,2024-04-30,ATL,LAX,274,1326,41
Delta,2607,2024-05-01,ATL,DFW,118,679,18
Southwest,6179,2024-05-02,ATL,ORD,84,434,81
American,7573,2024-05-03,ATL,LAX,32,681,100
United,1984,2024-05-04,LAX,JFK,73,1158,93
Delta,6776,2024-05-05,DFW,JFK,125,1073,18
Alaska,4676,2024-05-06,DFW,ATL,242,339,57
American,4380,2024-05-07,LAX,DFW,-25,346,22
Delta,9711,2024-05-08,ORD,ATL,116,645,53
Alaska,9782,2024-05-09,ORD,ATL,153,1370,79
Delta,2050,2024-05-10,ATL,ATL,-3,648,64
Southwest,4633,2024-05-11,JFK,JFK,7,244,11
Delta,7342,2024-05-12,ORD,JFK,88,108,23
Delta,1959,2024-05-13,JFK,ATL,262,532,33
Delta,7059,2024-05-14,DFW,JFK,213,1113,52
American,9884,2024-05-15,JFK,DFW,37,295,7
Delta,6655,2024-05-16,DFW,ATL,183,111,17
Alaska,5473,2024-05-17,LAX,JFK,187,1200,56
Southwest,3946,2024-05-18,LAX,LAX,146,342,111
Southwest,8725,2024-05-19,ATL,ATL,268,100,4
Delta,1526,2024-05-20,ORD,ATL,133,628,25
American,4224,2024-05-21,ATL,DFW,27,1424,29
American,2875,2024-05-22,DFW,ORD,238,27,53
Alaska,2763,2024-05-23,ATL,ORD,277,936,12
Delta,9712,2024-05-24,JFK,DFW,27,57,82
Southwest,6797,2024-05-25,DFW,DFW,257,296,28
American,8099,2024-05-26,LAX,DFW,74,133,2
Delta,6109,2024-05-27,ORD,ORD,197,1354,89
American,7644,2024-05-28,DFW,DFW,216,248,103
American,1116,2024-05-29,DFW,JFK,157,1020,57
Southwest,3433,2024-05-30,JFK,ATL,52,549,75
United,6463,2024-05-31,ORD,ATL,155,901,1
Alaska,1583,2024-06-01,LAX,LAX,221,1098,74
Alaska,9586,2024-06-02,DFW,LAX,207,833,107
Southwest,4788,2024-06-03,DFW,ATL,153,1191,27
American,5167,2024-06-04,JFK,JFK,253,770,81
Delta,9465,2024-06-05,ATL,ORD,179,1378,76
American,2389,2024-06-06,LAX,ORD,273,1248,100
Southwest,9357,2024-06-07,ORD,JFK,265,145,85
Alaska,7154,2024-06-08,DFW,ORD,66,1264,75
American,6420,2024-06-09,DFW,DFW,177,892,1
Alaska,9920,2024-06-10,LAX,ATL,106,343,100
Delta,3043,2024-06-11,ATL,ATL,153,1058,6
Alaska,5197,2024-06-12,DFW,JFK,45,701,25
Alaska,4496,2024-06-13,LAX,ORD,256,0,89
United,1778,2024-06-14,JFK,LAX,111,152,87
United,1213,2024-06-15,ATL,LAX,206,428,75
United,4762,2024-06-16,ORD,ORD,-6,507,15
Alaska,7731,2024-06-17,DFW,LAX,259,1149,22
Southwest,4117,2024-06-18,LAX,JFK,36,490,39
Alaska,6791,2024-06-19,JFK,JFK,219,344,59
Southwest,9783,2024-06-20,ORD,ORD,87,220,72
Southwest,3720,2024-06-21,LAX,LAX,42,722,31
United,9905,2024-06-22,LAX,JFK,251,1048,14
American,7047,2024-06-23,ORD,JFK,-21,527,100
Delta,9032,2024-06-24,JFK,DFW,180,1205,12
United,1001,2024-06-25,JFK,DFW,292,840,4
United,7368,2024-06-26,ATL,JFK,121,1065,74
American,2949,2024-06-27,DFW,ORD,-26,480,73
Delta,7732,2024-06-28,ORD,ATL,164,929,51
Alaska,8833,2024-06-29,ORD,ATL,252,871,76
Alaska,1917,2024-06-30,ORD,JFK,82,1425,40
United,4174,2024-07-01,JFK,JFK,240,344,52
Delta,8014,2024-07-02,DFW,JFK,132,44,109
United,1089,2024-07-03,ATL,ORD,74,20,49
Southwest,2709,2024-07-04,LAX,DFW,150,1093,14
United,4041,2024-07-05,LAX,JFK,13,872,105
United,1105,2024-07-06,ORD,JFK,251,47,119
Alaska,9619,2024-07-07,DFW,LAX,144,550,6
Alaska,2895,2024-07-08,JFK,ORD,131,286,39
Alaska,7090,2024-07-09,DFW,JFK,109,1001,27
Southwest,9508,2024-07-10,DFW,LAX,101,1033,31
Alaska,7082,2024-07-11,JFK,ATL,56,541,98
Delta,1634,2024-07-12,ORD,JFK,145,755,14
American,2925,2024-07-13,DFW,JFK,152,273,111
Delta,3056,2024-07-14,LAX,LAX,98,955,99
Delta,7917,2024-07-15,JFK,ORD,215,599,84
Alaska,4144,2024-07-16,ATL,JFK,58,380,69
American,1552,2024-07-17,ORD,ATL,35,1352,64
American,9907,2024-07-18,JFK,JFK,127,478,3
American,6383,2024-07-19,ATL,ATL,118,14,10
Southwest,4911,2024-07-20,ATL,DFW,85,515,107
Alaska,4389,2024-07-21,DFW,DFW,183,190,25
American,9442,2024-07-22,DFW,ATL,263,1191,60
Southwest,3430,2024-07-23,DFW,ORD,222,620,36
United,1458,2024-07-24,JFK,JFK,112,1160,22
United,1207,2024-07-25,JFK,JFK,219,153,92
Southwest,1899,2024-07-26,ORD,DFW,271,1411,84
Southwest,1021,2024-07-27,DFW,ATL,-6,1232,111
Alaska,9601,2024-07-28,ATL,JFK,246,271,108
Alaska,1894,2024-07-29,LAX,JFK,39,142,108
United,1514,2024-07-30,ORD,ORD,82,1092,112
American,8294,2024-07-31,JFK,LAX,81,246,90
United,5904,2024-08-01,ORD,DFW,272,1284,102
American,8867,2024-08-02,ORD,DFW,60,787,39
American,5109,2024-08-03,ORD,LAX,-13,78,76
Alaska,8179,2024-08-04,ORD,JFK,118,622,22
Delta,2560,2024-08-05,LAX,ORD,196,524,15
Delta,2266,2024-08-06,DFW,ORD,183,771,93
Southwest,4638,2024-08-07,ATL,DFW,120,937,60
Alaska,9941,2024-08-08,ORD,ORD,161,1353,67
American,4427,2024-08-09,ORD,LAX,9,1212,103
Delta,5780,2024-08-10,ORD,JFK,211,1118,79
American,2927,2024-08-11,DFW,LAX,107,616,30
Delta,3356,2024-08-12,JFK,ATL,149,1031,52
Delta,5790,2024-08-13,JFK,DFW,169,66,105
Delta,1306,2024-08-14,LAX,ORD,172,190,24
Alaska,8979,2024-08-15,JFK,ATL,30,1389,43
United,4665,2024-08-16,ORD,ORD,161,767,11
American,8057,2024-08-17,ORD,JFK,-26,520,89
Alaska,1661,2024-08-18,ORD,JFK,206,989,100
Alaska,5644,2024-08-19,LAX,JFK,150,1140,111
Alaska,9503,2024-08-20,ORD,ORD,280,266,96
Alaska,3920,2024-08-21,JFK,ATL,6,484,91
Alaska,9946,2024-08-22,DFW,JFK,25,1321,8
Southwest,7236,2024-08-23,DFW,ATL,206,1187,11
American,7078,2024-08-24,ATL,ORD,166,375,68
Alaska,1352,2024-08-25,JFK,ATL,42,652,53
American,8005,2024-08-26,ORD,ORD,28,1291,115
Southwest,1158,2024-08-27,DFW,ORD,209,548,53
Southwest,1956,2024-08-28,JFK,DFW,-29,1097,27
American,3071,2024-08-29,DFW,ORD,157,72,55
Delta,9595,2024-08-30,ORD,ORD,276,307,98
United,4453,2024-08-31,DFW,LAX,-1,198,68
Delta,7675,2024-09-01,ATL,JFK,236,1153,97
Delta,1955,2024-09-02,ATL,DFW,77,571,109
Delta,7295,2024-09-03,DFW,DFW,59,790,97
Alaska,2712,2024-09-04,JFK,DFW,174,1174,76
Southwest,5703,2024-09-05,JFK,LAX,189,1229,102
Delta,7563,2024-09-06,JFK,ORD,63,178,105
Southwest,6631,2024-09-07,DFW,JFK,72,196,108
American,2394,2024-09-08,JFK,ATL,192,734,111
United,5732,2024-09-09,ORD,ORD,155,88,57
American,4714,2024-09-10,ATL,LAX,153,798,77
American,1529,2024-09-11,ORD,ORD,131,787,74
Alaska,3958,2024-09-12,JFK,ORD,216,747,41
United,8904,2024-09-13,ORD,LAX,0,1206,37
American,4591,2024-09-14,JFK,DFW,21,208,67
American,7895,2024-09-15,DFW,DFW,45,492,52
United,1525,2024-09-16,ORD,JFK,247,1153,32
United,7477,2024-09-17,DFW,JFK,9,664,70
American,1001,2024-09-18,DFW,DFW,70,1036,55
United,1374,2024-09-19,LAX,ATL,80,870,104
American,5648,2024-09-20,JFK,ORD,290,731,71
American,3365,2024-09-21,ATL,ATL,218,1129,100
Alaska,2525,2024-09-22,JFK,ORD,160,1398,50
Delta,2646,2024-09-23,ATL,DFW,151,697,73
American,1013,2024-09-24,JFK,JFK,178,1122,42
Southwest,5599,2024-09-25,DFW,JFK,-9,593,14
Delta,3278,2024-09-26,ORD,ATL,135,885,37
Delta,4155,2024-09-27,ORD,JFK,68,851,14
Delta,9321,2024-09-28,LAX,DFW,177,1215,4
Alaska,4814,2024-09-29,ATL,ATL,-23,324,92
American,4216,2024-09-30,ATL,ORD,159,978,82
Alaska,9219,2024-10-01,ATL,JFK,144,955,53
American,3113,2024-10-02,DFW,LAX,242,893,50
Alaska,5356,2024-10-03,ATL,JFK,-14,1390,9
Alaska,6543,2024-10-04,ORD,ORD,59,1341,11
Southwest,5555,2024-10-05,DFW,ATL,110,143,117
Alaska,8062,2024-10-06,JFK,ORD,114,383,3
United,4374,2024-10-07,ATL,LAX,135,215,94
Southwest,7430,2024-10-08,ATL,DFW,47,1384,17
Alaska,4466,2024-10-09,JFK,JFK,231,323,79
Delta,4081,2024-10-10,ATL,ATL,132,1038,103
United,1629,2024-10-11,JFK,DFW,-17,216,35
United,1269,2024-10-12,DFW,ORD,208,950,24
United,6724,2024-10-13,ORD,ATL,41,182,86
Southwest,6897,2024-10-14,JFK,DFW,112,269,75
Alaska,4432,2024-10-15,LAX,ATL,279,944,97
Alaska,7276,2024-10-16,JFK,LAX,252,869,35
Delta,6895,2024-10-17,ATL,LAX,238,466,100
Delta,8115,2024-10-18,DFW,JFK,210,304,66
United,7656,2024-10-19,DFW,JFK,214,1167,8
Delta,1575,2024-10-20,JFK,LAX,132,110,60
Southwest,8029,2024-10-21,ORD,ATL,29,1013,52
Alaska,7099,2024-10-22,LAX,LAX,-25,231,17
United,4192,2024-10-23,DFW,JFK,166,594,42
Delta,4178,2024-10-24,ATL,LAX,27,1296,34
Southwest,7052,2024-10-25,ATL,LAX,274,172,62
Southwest,3734,2024-10-26,ORD,ATL,186,972,118
Delta,7116,2024-10-27,DFW,DFW,-5,1030,97
Alaska,4568,2024-10-28,JFK,JFK,272,1178,104
Delta,3203,2024-10-29,ATL,ATL,-26,545,77
United,2390,2024-10-30,ORD,LAX,-11,547,3
Delta,2742,2024-10-31,DFW,LAX,167,517,92
Southwest,2925,2024-11-01,DFW,DFW,28,913,40
Delta,1619,2024-11-02,DFW,JFK,211,214,44
Alaska,2274,2024-11-03,DFW,JFK,115,133,49
American,1956,2024-11-04,DFW,ORD,242,284,78
Delta,2939,2024-11-05,ATL,JFK,218,1149,27
Alaska,4953,2024-11-06,ORD,DFW,-17,685,41
Alaska,1968,2024-11-07,DFW,ORD,-18,1175,79
Southwest,1281,2024-11-08,LAX,ORD,13,330,75
Alaska,7262,2024-11-09,LAX,LAX,-12,1406,115
Alaska,2058,2024-11-10,ORD,LAX,32,1138,68
Alaska,5293,2024-11-11,JFK,JFK,208,893,97
Alaska,6178,2024-11-12,JFK,ORD,69,1307,105
United,7980,2024-11-13,JFK,LAX,132,898,0
United,2229,2024-11-14,LAX,DFW,91,1098,38
Southwest,5585,2024-11-15,JFK,LAX,13,1189,95
Delta,9467,2024-11-16,ATL,LAX,286,1212,89
Alaska,3740,2024-11-17,DFW,ORD,114,77,16
Delta,3289,2024-11-18,LAX,ORD,296,946,111
Delta,2239,2024-11-19,ORD,ATL,19,687,90
Southwest,6370,2024-11-20,ORD,DFW,34,20,87
Alaska,1125,2024-11-21,DFW,ORD,257,565,34
Alaska,8473,2024-11-22,LAX,JFK,133,1207,45
American,6342,2024-11-23,JFK,DFW,110,1245,41
Delta,8351,2024-11-24,JFK,DFW,283,826,117
Delta,7638,2024-11-25,ATL,ORD,97,1351,38
United,7570,2024-11-26,ATL,DFW,208,178,89
American,4249,2024-11-27,JFK,ORD,293,1135,48
United,8595,2024-11-28,ORD,LAX,265,1082,61
United,7294,2024-11-29,ORD,ATL,156,1350,37
United,7527,2024-11-30,ATL,LAX,177,904,22
Southwest,6757,2024-12-01,DFW,ORD,189,668,21
Southwest,2969,2024-12-02,JFK,ORD,159,190,3
United,1891,2024-12-03,ATL,LAX,253,1223,48
American,5470,2024-12-04,ATL,JFK,206,1335,58
Delta,8175,2024-12-05,JFK,JFK,163,707,72
American,9320,2024-12-06,JFK,JFK,256,1058,67
Alaska,7812,2024-12-07,ORD,ORD,228,378,70
Southwest,8519,2024-12-08,DFW,DFW,215,386,86
Delta,5612,2024-12-09,DFW,ORD,105,236,1
Delta,2198,2024-12-10,JFK,DFW,249,615,48
Alaska,6238,2024-12-11,LAX,LAX,240,282,87
Alaska,7089,2024-12-12,ATL,ATL,140,0,103
United,7257,2024-12-13,ATL,DFW,128,463,118
Southwest,8705,2024-12-14,JFK,JFK,170,1253,94
Southwest,4719,2024-12-15,LAX,ORD,14,966,110
American,1302,2024-12-16,ORD,LAX,233,171,30
United,1986,2024-12-17,JFK,JFK,40,1110,110
United,5440,2024-12-18,JFK,LAX,72,1146,39
United,5909,2024-12-19,ATL,ATL,94,842,47
United,4072,2024-12-20,JFK,ORD,282,1321,50
Southwest,4124,2024-12-21,JFK,ORD,255,689,42
Southwest,9125,2024-12-22,JFK,ATL,199,574,97
United,4291,2024-12-23,ATL,ORD,115,164,54
American,5033,2024-12-24,ORD,DFW,166,382,87
Delta,6105,2024-12-25,ORD,LAX,190,208,48
Delta,1703,2024-12-26,JFK,JFK,29,1412,89
American,9133,2024-12-27,ATL,ATL,67,223,79
United,1574,2024-12-28,ORD,DFW,140,2,56
Southwest,6704,2024-12-29,ORD,JFK,142,371,110
Delta,8848,2024-12-30,ORD,JFK,120,610,76
Alaska,6208,2024-12-31,ATL,ATL,91,115,14
Alaska,7924,2025-01-01,ATL,DFW,77,1293,26
American,4828,2025-01-02,JFK,JFK,-27,446,67
United,4230,2025-01-03,DFW,JFK,62,1391,79
Delta,1488,2025-01-04,ORD,DFW,-25,1276,63
United,8114,2025-01-05,DFW,ORD,257,1340,93
Delta,4173,2025-01-06,ATL,JFK,75,414,107
American,2667,2025-01-07,ATL,LAX,115,1118,29
American,5114,2025-01-08,ATL,DFW,240,891,35
Alaska,4553,2025-01-09,DFW,JFK,65,1047,66
United,8761,2025-01-10,ATL,ATL,198,662,85
Alaska,2000,2025-01-11,JFK,LAX,171,1073,112
United,2388,2025-01-12,ATL,JFK,181,717,85
Alaska,6450,2025-01-13,LAX,LAX,-25,1358,113
Southwest,4712,2025-01-14,DFW,LAX,81,1102,113
Southwest,2367,2025-01-15,LAX,ORD,292,1050,118
Southwest,9189,2025-01-16,ATL,LAX,75,270,48
Southwest,1454,2025-01-17,JFK,ORD,108,561,75
Delta,3772,2025-01-18,ORD,DFW,268,803,54
Southwest,4726,2025-01-19,ATL,ORD,65,246,84
American,8232,2025-01-20,JFK,ATL,266,386,55
American,5806,2025-01-21,DFW,JFK,183,701,67
Delta,3190,2025-01-22,LAX,DFW,260,558,94
Southwest,3875,2025-01-23,LAX,DFW,-9,972,43
Southwest,6592,2025-01-24,LAX,ATL,162,1384,30
Southwest,2440,2025-01-25,DFW,ORD,119,983,57
Alaska,9927,2025-01-26,JFK,JFK,216,351,86
United,7059,2025-01-27,DFW,ORD,236,1279,117
Alaska,8010,2025-01-28,LAX,LAX,220,1245,52
United,8117,2025-01-29,ATL,ORD,-28,752,83
Southwest,3989,2025-01-30,ORD,DFW,285,780,78
Southwest,7228,2025-01-31,DFW,JFK,45,1024,22
Alaska,7471,2025-02-01,DFW,ORD,56,545,27
Alaska,3863,2025-02-02,JFK,JFK,239,78,15
United,2177,2025-02-03,JFK,JFK,194,1259,36
American,5760,2025-02-04,DFW,LAX,-13,333,20
United,1011,2025-02-05,LAX,LAX,82,888,78
Alaska,6252,2025-02-06,ORD,DFW,220,1372,16
Alaska,5399,2025-02-07,JFK,ATL,202,1121,113
Delta,9234,2025-02-08,LAX,JFK,298,1105,36
Alaska,6445,2025-02-09,ATL,ATL,248,501,76
Delta,7570,2025-02-10,JFK,DFW,171,764,18
American,9212,2025-02-11,LAX,JFK,52,920,29
United,1406,2025-02-12,LAX,JFK,94,549,44
United,5431,2025-02-13,ORD,ATL,144,13,17
Delta,6243,2025-02-14,ORD,ORD,38,391,77
United,7542,2025-02-15,ATL,LAX,16,1370,61
Alaska,7936,2025-02-16,LAX,ORD,225,309,35
Southwest,9906,2025-02-17,LAX,ATL,184,385,99
Delta,5146,2025-02-18,ORD,LAX,-1,1232,83
United,1140,2025-02-19,JFK,ORD,250,1380,51
Delta,5882,2025-02-20,JFK,LAX,206,973,18
Delta,7012,2025-02-21,DFW,JFK,217,1117,108
Southwest,1963,2025-02-22,ORD,ORD,-6,1116,43
Alaska,8151,2025-02-23,DFW,LAX,43,339,6
Delta,9564,2025-02-24,ORD,LAX,175,596,43
United,4610,2025-02-25,ATL,LAX,283,756,116
American,7894,2025-02-26,LAX,ORD,63,1045,67
Delta,8311,2025-02-27,ATL,DFW,96,290,33
Delta,1105,2025-02-28,ORD,ORD,-6,305,65
Southwest,6539,2025-03-01,LAX,ATL,85,633,68
Alaska,7787,2025-03-02,JFK,ORD,17,1151,54
American,3137,2025-03-03,JFK,LAX,195,624,9
United,5445,2025-03-04,DFW,JFK,235,938,95
American,4530,2025-03-05,ORD,ORD,68,1296,41
United,2286,2025-03-06,ORD,ORD,-20,847,40
Alaska,8052,2025-03-07,JFK,LAX,54,441,76
United,4654,2025-03-08,ATL,JFK,183,502,102
Southwest,8102,2025-03-09,LAX,JFK,142,129,68
Southwest,3359,2025-03-10,ATL,ATL,178,1155,9
Southwest,9105,2025-03-11,ATL,ORD,33,596,9
Southwest,9636,2025-03-12,JFK,JFK,227,861,101
American,7441,2025-03-13,JFK,JFK,90,1413,90
Alaska,6047,2025-03-14,JFK,DFW,267,592,59
United,9227,2025-03-15,DFW,DFW,23,998,50
United,6203,2025-03-16,ATL,JFK,241,324,20
Southwest,2798,2025-03-17,ORD,ATL,210,1092,7
Southwest,6291,2025-03-18,LAX,JFK,212,447,64
Delta,6495,2025-03-19,DFW,LAX,-13,818,91
Alaska,7284,2025-03-20,ORD,ORD,156,1188,112
American,8285,2025-03-21,ATL,ATL,113,708,102
United,2300,2025-03-22,JFK,LAX,231,264,77
Delta,7869,2025-03-23,ATL,ATL,208,611,84
Delta,4097,2025-03-24,LAX,LAX,273,1365,29
United,5616,2025-03-25,DFW,ORD,267,831,84
American,1009,2025-03-26,DFW,ORD,45,1301,48
Delta,6752,2025-03-27,LAX,DFW,157,673,8
Delta,7295,2025-03-28,ORD,LAX,215,156,16
Alaska,5815,2025-03-29,ORD,DFW,99,250,68
American,2072,2025-03-30,DFW,LAX,284,877,57
Delta,4225,2025-03-31,DFW,DFW,252,529,56
American,2316,2025-04-01,JFK,ORD,48,326,61
United,6699,2025-04-02,ORD,ATL,41,960,94
Southwest,7807,2025-04-03,LAX,DFW,232,894,51
Delta,7674,2025-04-04,ORD,LAX,160,96,60
Alaska,4683,2025-04-05,JFK,LAX,32,512,39
United,8227,2025-04-06,DFW,ORD,-19,215,37
American,4273,2025-04-07,DFW,LAX,110,1155,42
United,8000,2025-04-08,JFK,JFK,223,1283,62
Delta,1145,2025-04-09,LAX,ATL,12,124,18
American,6010,2025-04-10,DFW,DFW,-14,1105,99
Southwest,4040,2025-04-11,ATL,ATL,32,1306,49
United,1482,2025-04-12,DFW,ORD,222,58,32
Delta,4179,2025-04-13,ATL,DFW,261,160,12
Alaska,2249,2025-04-14,JFK,DFW,-23,283,77
American,1630,2025-04-15,JFK,JFK,294,105,119
United,9853,2025-04-16,DFW,ORD,59,1128,96
United,3852,2025-04-17,ORD,LAX,177,227,61
Southwest,1987,2025-04-18,ATL,JFK,261,317,92
Southwest,8622,2025-04-19,LAX,JFK,253,801,42
Alaska,8327,2025-04-20,DFW,ATL,87,873,48
Alaska,9841,2025-04-21,LAX,ATL,144,471,35
Delta,2100,2025-04-22,DFW,ATL,45,1079,107
Delta,7652,2025-04-23,ORD,JFK,70,624,9
Alaska,9632,2025-04-24,ORD,LAX,120,12,94
Alaska,8421,2025-04-25,ORD,DFW,239,1041,5
American,6016,2025-04-26,ORD,ATL,40,693,56
Southwest,1769,2025-04-27,JFK,LAX,149,972,0
Delta,2343,2025-04-28,JFK,ORD,93,112,70
Southwest,5358,2025-04-29,ATL,ATL,262,228,57
Southwest,7780,2025-04-30,LAX,DFW,254,170,90
Alaska,7602,2025-05-01,DFW,ORD,164,294,20
American,3349,2025-05-02,DFW,ORD,197,188,91
United,6699,2025-05-03,JFK,DFW,244,425,79
American,2241,2025-05-04,DFW,ATL,75,976,55
American,2125,2025-05-05,JFK,JFK,-10,1102,109
Southwest,7764,2025-05-06,ATL,DFW,33,657,86
American,6101,2025-05-07,LAX,DFW,134,918,115
Delta,8843,2025-05-08,ATL,DFW,-4,1205,19
Southwest,1072,2025-05-09,ORD,ORD,280,498,101
Delta,6472,2025-05-10,ORD,LAX,254,761,53
United,6189,2025-05-11,ORD,JFK,117,865,24
Southwest,3472,2025-05-12,ATL,ATL,250,825,27
United,1707,2025-05-13,DFW,ATL,295,70,4
Southwest,2804,2025-05-14,LAX,LAX,288,247,119
Alaska,7704,2025-05-15,ORD,DFW,133,145,20
American,4713,2025-05-16,ORD,JFK,193,1319,17
Alaska,6051,2025-05-17,ORD,ATL,241,581,46
United,3475,2025-05-18,LAX,ATL,115,469,69
American,4610,2025-05-19,ORD,DFW,-1,192,56
Southwest,5255,2025-05-20,LAX,LAX,14,1091,92
American,8397,2025-05-21,ORD,JFK,244,493,18
Delta,2735,2025-05-22,ATL,LAX,3,51,96
American,9258,2025-05-23,ATL,LAX,110,881,64
Delta,8979,2025-05-24,LAX,JFK,287,362,108
American,3428,2025-05-25,ATL,JFK,190,916,2
Delta,8426,2025-05-26,LAX,ATL,-9,473,41
United,9533,2025-05-27,ATL,ATL,149,520,20
Alaska,6249,2025-05-28,ATL,JFK,298,1321,98
Southwest,6291,2025-05-29,LAX,ORD,200,690,104
American,3817,2025-05-30,DFW,ATL,7,1221,39
Alaska,4874,2025-05-31,ATL,ORD,39,1151,66
Southwest,5211,2025-06-01,ORD,JFK,85,531,24
Southwest,1661,2025-06-02,DFW,ATL,208,1434,108
Delta,4374,2025-06-03,LAX,LAX,117,839,101
United,1207,2025-06-04,DFW,JFK,-22,1088,108
United,3665,2025-06-05,JFK,DFW,257,240,54
Alaska,3493,2025-06-06,JFK,ORD,19,1392,83
United,7813,2025-06-07,ATL,JFK,-26,535,51
American,1632,2025-06-08,ATL,JFK,95,1407,43
United,4083,2025-06-09,ORD,ATL,44,82,108
Alaska,4719,2025-06-10,DFW,ATL,134,981,97
United,8123,2025-06-11,JFK,ATL,247,950,84
American,2679,2025-06-12,ATL,DFW,293,610,55
Delta,1236,2025-06-13,DFW,ATL,269,573,54
Alaska,8446,2025-06-14,ATL,JFK,259,285,111
Delta,5443,2025-06-15,ATL,ATL,46,988,86
Delta,7770,2025-06-16,JFK,LAX,267,458,69
Delta,7099,2025-06-17,JFK,ATL,106,1235,114
Southwest,9555,2025-06-18,ATL,DFW,75,125,116
Southwest,3368,2025-06-19,LAX,LAX,64,1436,76
Delta,1285,2025-06-20,ATL,JFK,104,424,112
Alaska,1148,2025-06-21,ATL,JFK,37,553,86
American,5037,2025-06-22,ORD,ORD,116,609,72
American,7549,2025-06-23,ORD,LAX,128,1181,80
United,8121,2025-06-24,ORD,ORD,132,111,65
Alaska,5895,2025-06-25,LAX,LAX,158,401,18
Southwest,6280,2025-06-26,LAX,LAX,64,121,82
Delta,2012,2025-06-27,ATL,DFW,150,272,119
United,3785,2025-06-28,ORD,ORD,257,1317,6
American,4725,2025-06-29,LAX,DFW,291,397,117
Southwest,5576,2025-06-30,JFK,LAX,156,470,62
Southwest,6782,2025-07-01,ATL,JFK,107,984,41
Delta,7257,2025-07-02,DFW,LAX,99,1230,41
American,3408,2025-07-03,ATL,DFW,163,1133,58
Alaska,1340,2025-07-04,DFW,ORD,285,1301,19
Southwest,3817,2025-07-05,ORD,ORD,242,568,72
Delta,3496,2025-07-06,DFW,DFW,113,1137,16
Alaska,6962,2025-07-07,ORD,ORD,-15,896,26
American,6299,2025-07-08,JFK,ATL,271,819,46
Southwest,8574,2025-07-09,DFW,JFK,214,852,1
Alaska,2689,2025-07-10,ATL,JFK,76,709,62
Alaska,4267,2025-07-11,ORD,JFK,57,320,61
Alaska,5406,2025-07-12,ATL,ORD,98,178,99
Southwest,9453,2025-07-13,LAX,ORD,-27,896,18
Southwest,2442,2025-07-14,ORD,LAX,296,218,16
United,9597,2025-07-15,DFW,LAX,275,788,68
American,5437,2025-07-16,ORD,JFK,64,491,38
Delta,6435,2025-07-17,ATL,ATL,178,60,81
Alaska,9435,2025-07-18,JFK,LAX,194,1077,116
United,5107,2025-07-19,ORD,LAX,290,537,117
Delta,1560,2025-07-20,DFW,ORD,16,847,70
United,9785,2025-07-21,LAX,ATL,150,987,80
Southwest,6548,2025-07-22,JFK,JFK,75,64,38
Alaska,2826,2025-07-23,LAX,LAX,168,585,35
Delta,8629,2025-07-24,ORD,ATL,75,170,39
Delta,9325,2025-07-25,ATL,ATL,249,1296,44
Delta,4138,2025-07-26,ATL,JFK,229,534,3
Delta,8693,2025-07-27,DFW,ATL,77,1414,101
Delta,9264,2025-07-28,ATL,ATL,-12,692,24
United,8842,2025-07-29,JFK,ATL,265,1350,68
Alaska,7721,2025-07-30,ATL,LAX,275,107,29
Southwest,8002,2025-07-31,DFW,JFK,140,1185,75
Southwest,5225,2025-08-01,ORD,ATL,164,813,67
Southwest,3978,2025-08-02,ORD,ATL,-19,1004,87
Southwest,8373,2025-08-03,ATL,LAX,164,451,28
United,6907,2025-08-04,LAX,JFK,252,1229,72
American,7097,2025-08-05,ORD,ORD,151,589,67
Alaska,6656,2025-08-06,ATL,LAX,274,1039,50
Delta,9984,2025-08-07,DFW,JFK,113,326,23
American,5259,2025-08-08,ATL,ATL,285,607,13
Southwest,9286,2025-08-09,ORD,JFK,151,658,68
American,6901,2025-08-10,DFW,JFK,-1,1,17
Alaska,5917,2025-08-11,ATL,JFK,53,1033,41
Delta,9429,2025-08-12,JFK,ORD,135,433,56
Delta,3530,2025-08-13,DFW,JFK,253,124,82
Alaska,2960,2025-08-14,JFK,ORD,250,1104,11
Alaska,8045,2025-08-15,LAX,ATL,65,484,81
Southwest,2048,2025-08-16,DFW,ORD,235,651,16
Delta,6772,2025-08-17,JFK,ATL,267,1173,29
American,3529,2025-08-18,ORD,ATL,265,799,87
United,3964,2025-08-19,ORD,ORD,194,872,74
United,8137,2025-08-20,LAX,LAX,11,1363,98
Alaska,1963,2025-08-21,DFW,DFW,272,128,22
Southwest,1536,2025-08-22,DFW,JFK,215,437,80
United,8340,2025-08-23,DFW,DFW,177,750,0
Delta,8179,2025-08-24,LAX,JFK,206,500,78
Alaska,8967,2025-08-25,DFW,JFK,-9,1081,31
American,9734,2025-08-26,ORD,ATL,154,1221,8
Alaska,1845,2025-08-27,JFK,JFK,211,210,14
American,6777,2025-08-28,ORD,JFK,252,901,27
Alaska,4036,2025-08-29,ORD,ORD,10,44,23
Alaska,6947,2025-08-30,JFK,DFW,131,1120,59
Alaska,3494,2025-08-31,ORD,ORD,129,1302,34
American,3719,2025-09-01,LAX,JFK,58,534,85
American,2884,2025-09-02,JFK,ATL,291,1433,26
Alaska,5349,2025-09-03,ORD,ORD,-19,460,82
United,6179,2025-09-04,ATL,ORD,42,390,108
Southwest,7610,2025-09-05,ORD,LAX,45,1067,75
Southwest,7430,2025-09-06,LAX,JFK,170,26,19
Southwest,8154,2025-09-07,DFW,ATL,-21,793,64
American,7488,2025-09-08,ORD,ORD,195,1120,84
American,5737,2025-09-09,DFW,ORD,145,974,48
United,7525,2025-09-10,ATL,ATL,245,547,108
Southwest,4850,2025-09-11,ORD,JFK,8,620,0
Southwest,1689,2025-09-12,JFK,LAX,29,566,9
Alaska,6175,2025-09-13,DFW,ORD,35,703,46
American,9648,2025-09-14,ATL,LAX,290,1242,58
Southwest,6078,2025-09-15,JFK,DFW,93,184,95
United,6448,2025-09-16,JFK,JFK,133,1092,61
United,2179,2025-09-17,JFK,DFW,128,1153,102
Southwest,7406,2025-09-18,JFK,DFW,26,847,85
American,9591,2025-09-19,ORD,DFW,47,598,17
United,7907,2025-09-20,ORD,JFK,163,805,111
Alaska,9800,2025-09-21,ORD,JFK,254,1357,45
United,2638,2025-09-22,ATL,ATL,-16,1177,31
Delta,6671,2025-09-23,ATL,LAX,-19,78,26
Delta,7928,2025-09-24,ATL,LAX,70,578,91
American,2382,2025-09-25,LAX,ATL,125,412,17
Southwest,2403,2025-09-26,ATL,ATL,94,545,38
